Series Id,Year,Period,Value,1-Month percent change
CUSR0000SA0,1947,M01,21.48,0.7
CUSR0000SA0,1947,M02,21.62,1.8
CUSR0000SA0,1947,M03,22,0
CUSR0000SA0,1947,M04,22,-0.2
CUSR0000SA0,1947,M05,21.95,0.6
CUSR0000SA0,1947,M06,22.08,0.7
CUSR0000SA0,1947,M07,22.23,0.8
CUSR0000SA0,1947,M08,22.4,2
CUSR0000SA0,1947,M09,22.84,0.3
CUSR0000SA0,1947,M10,22.91,0.7
CUSR0000SA0,1947,M11,23.06,1.5
CUSR0000SA0,1947,M12,23.41,1.2
CUSR0000SA0,1948,M01,23.68,0
CUSR0000SA0,1948,M02,23.67,-0.7
CUSR0000SA0,1948,M03,23.5,1.4
CUSR0000SA0,1948,M04,23.82,0.8
CUSR0000SA0,1948,M05,24.01,0.6
CUSR0000SA0,1948,M06,24.15,1
CUSR0000SA0,1948,M07,24.4,0.1
CUSR0000SA0,1948,M08,24.43,-0.3
CUSR0000SA0,1948,M09,24.36,-0.2
CUSR0000SA0,1948,M10,24.31,-0.6
CUSR0000SA0,1948,M11,24.16,-0.5
CUSR0000SA0,1948,M12,24.05,-0.2
CUSR0000SA0,1949,M01,24.01,-0.4
CUSR0000SA0,1949,M02,23.91,0
CUSR0000SA0,1949,M03,23.91,0
CUSR0000SA0,1949,M04,23.92,0
CUSR0000SA0,1949,M05,23.91,0
CUSR0000SA0,1949,M06,23.92,-0.9
CUSR0000SA0,1949,M07,23.7,0
CUSR0000SA0,1949,M08,23.7,0.2
CUSR0000SA0,1949,M09,23.75,-0.3
CUSR0000SA0,1949,M10,23.67,0.1
CUSR0000SA0,1949,M11,23.7,-0.4
CUSR0000SA0,1949,M12,23.61,-0.4
CUSR0000SA0,1950,M01,23.51,0.4
CUSR0000SA0,1950,M02,23.61,0.1
CUSR0000SA0,1950,M03,23.64,0
CUSR0000SA0,1950,M04,23.65,0.5
CUSR0000SA0,1950,M05,23.77,0.5
CUSR0000SA0,1950,M06,23.88,0.8
CUSR0000SA0,1950,M07,24.07,0.5
CUSR0000SA0,1950,M08,24.2,0.6
CUSR0000SA0,1950,M09,24.34,0.7
CUSR0000SA0,1950,M10,24.5,0.4
CUSR0000SA0,1950,M11,24.6,1.5
CUSR0000SA0,1950,M12,24.98,1.6
CUSR0000SA0,1951,M01,25.38,1.8
CUSR0000SA0,1951,M02,25.83,0.2
CUSR0000SA0,1951,M03,25.88,0.2
CUSR0000SA0,1951,M04,25.92,0.3
CUSR0000SA0,1951,M05,25.99,-0.2
CUSR0000SA0,1951,M06,25.93,-0.1
CUSR0000SA0,1951,M07,25.91,-0.2
CUSR0000SA0,1951,M08,25.86,0.7
CUSR0000SA0,1951,M09,26.03,0.5
CUSR0000SA0,1951,M10,26.16,0.6
CUSR0000SA0,1951,M11,26.32,0.6
CUSR0000SA0,1951,M12,26.47,-0.1
CUSR0000SA0,1952,M01,26.45,-0.2
CUSR0000SA0,1952,M02,26.41,-0.1
CUSR0000SA0,1952,M03,26.39,0.3
CUSR0000SA0,1952,M04,26.46,0
CUSR0000SA0,1952,M05,26.47,0.2
CUSR0000SA0,1952,M06,26.53,0.6
CUSR0000SA0,1952,M07,26.68,0
CUSR0000SA0,1952,M08,26.69,-0.2
CUSR0000SA0,1952,M09,26.63,0.2
CUSR0000SA0,1952,M10,26.69,0
CUSR0000SA0,1952,M11,26.69,0.1
CUSR0000SA0,1952,M12,26.71,-0.3
CUSR0000SA0,1953,M01,26.64,-0.2
CUSR0000SA0,1953,M02,26.59,0.2
CUSR0000SA0,1953,M03,26.63,0.2
CUSR0000SA0,1953,M04,26.69,0
CUSR0000SA0,1953,M05,26.7,0.3
CUSR0000SA0,1953,M06,26.77,0.1
CUSR0000SA0,1953,M07,26.79,0.2
CUSR0000SA0,1953,M08,26.85,0.1
CUSR0000SA0,1953,M09,26.89,0.2
CUSR0000SA0,1953,M10,26.95,-0.4
CUSR0000SA0,1953,M11,26.85,0.1
CUSR0000SA0,1953,M12,26.87,0.3
CUSR0000SA0,1954,M01,26.94,0.2
CUSR0000SA0,1954,M02,26.99,-0.2
CUSR0000SA0,1954,M03,26.93,-0.3
CUSR0000SA0,1954,M04,26.86,0.3
CUSR0000SA0,1954,M05,26.93,0
CUSR0000SA0,1954,M06,26.94,-0.3
CUSR0000SA0,1954,M07,26.86,0
CUSR0000SA0,1954,M08,26.85,-0.1
CUSR0000SA0,1954,M09,26.81,-0.3
CUSR0000SA0,1954,M10,26.72,0.2
CUSR0000SA0,1954,M11,26.78,0
CUSR0000SA0,1954,M12,26.77,0
CUSR0000SA0,1955,M01,26.77,0.2
CUSR0000SA0,1955,M02,26.82,-0.1
CUSR0000SA0,1955,M03,26.79,0
CUSR0000SA0,1955,M04,26.79,-0.1
CUSR0000SA0,1955,M05,26.77,-0.2
CUSR0000SA0,1955,M06,26.71,0.2
CUSR0000SA0,1955,M07,26.76,-0.1
CUSR0000SA0,1955,M08,26.72,0.5
CUSR0000SA0,1955,M09,26.85,-0.1
CUSR0000SA0,1955,M10,26.82,0.2
CUSR0000SA0,1955,M11,26.88,0
CUSR0000SA0,1955,M12,26.87,-0.1
CUSR0000SA0,1956,M01,26.83,0.1
CUSR0000SA0,1956,M02,26.86,0.1
CUSR0000SA0,1956,M03,26.89,0.1
CUSR0000SA0,1956,M04,26.93,0.4
CUSR0000SA0,1956,M05,27.03,0.4
CUSR0000SA0,1956,M06,27.15,0.5
CUSR0000SA0,1956,M07,27.29,0.1
CUSR0000SA0,1956,M08,27.31,0.1
CUSR0000SA0,1956,M09,27.35,0.6
CUSR0000SA0,1956,M10,27.51,0
CUSR0000SA0,1956,M11,27.51,0.4
CUSR0000SA0,1956,M12,27.63,0.1
CUSR0000SA0,1957,M01,27.67,0.5
CUSR0000SA0,1957,M02,27.8,0.2
CUSR0000SA0,1957,M03,27.86,0.3
CUSR0000SA0,1957,M04,27.93,0.3
CUSR0000SA0,1957,M05,28,0.4
CUSR0000SA0,1957,M06,28.11,0.3
CUSR0000SA0,1957,M07,28.19,0.3
CUSR0000SA0,1957,M08,28.28,0.1
CUSR0000SA0,1957,M09,28.32,0
CUSR0000SA0,1957,M10,28.32,0.3
CUSR0000SA0,1957,M11,28.41,0.2
CUSR0000SA0,1957,M12,28.47,0.6
CUSR0000SA0,1958,M01,28.64,0.2
CUSR0000SA0,1958,M02,28.7,0.6
CUSR0000SA0,1958,M03,28.87,0.2
CUSR0000SA0,1958,M04,28.94,0
CUSR0000SA0,1958,M05,28.94,-0.1
CUSR0000SA0,1958,M06,28.91,-0.1
CUSR0000SA0,1958,M07,28.89,0.2
CUSR0000SA0,1958,M08,28.94,-0.1
CUSR0000SA0,1958,M09,28.91,0
CUSR0000SA0,1958,M10,28.91,0.1
CUSR0000SA0,1958,M11,28.95,0.1
CUSR0000SA0,1958,M12,28.97,0.1
CUSR0000SA0,1959,M01,29.01,0
CUSR0000SA0,1959,M02,29,-0.1
CUSR0000SA0,1959,M03,28.97,0
CUSR0000SA0,1959,M04,28.98,0.2
CUSR0000SA0,1959,M05,29.04,0.2
CUSR0000SA0,1959,M06,29.11,0.1
CUSR0000SA0,1959,M07,29.15,0.1
CUSR0000SA0,1959,M08,29.18,0.2
CUSR0000SA0,1959,M09,29.25,0.3
CUSR0000SA0,1959,M10,29.35,0
CUSR0000SA0,1959,M11,29.35,0.2
CUSR0000SA0,1959,M12,29.41,-0.1
CUSR0000SA0,1960,M01,29.37,0.1
CUSR0000SA0,1960,M02,29.41,0
CUSR0000SA0,1960,M03,29.41,0.4
CUSR0000SA0,1960,M04,29.54,0.1
CUSR0000SA0,1960,M05,29.57,0.1
CUSR0000SA0,1960,M06,29.61,-0.2
CUSR0000SA0,1960,M07,29.55,0.2
CUSR0000SA0,1960,M08,29.61,0
CUSR0000SA0,1960,M09,29.61,0.5
CUSR0000SA0,1960,M10,29.75,0.1
CUSR0000SA0,1960,M11,29.78,0.1
CUSR0000SA0,1960,M12,29.81,0.1
CUSR0000SA0,1961,M01,29.84,0
CUSR0000SA0,1961,M02,29.84,0
CUSR0000SA0,1961,M03,29.84,-0.1
CUSR0000SA0,1961,M04,29.81,0.1
CUSR0000SA0,1961,M05,29.84,0
CUSR0000SA0,1961,M06,29.84,0.3
CUSR0000SA0,1961,M07,29.92,0.1
CUSR0000SA0,1961,M08,29.94,0.1
CUSR0000SA0,1961,M09,29.98,0
CUSR0000SA0,1961,M10,29.98,0
CUSR0000SA0,1961,M11,29.98,0.1
CUSR0000SA0,1961,M12,30.01,0.1
CUSR0000SA0,1962,M01,30.04,0.2
CUSR0000SA0,1962,M02,30.11,0.2
CUSR0000SA0,1962,M03,30.17,0.1
CUSR0000SA0,1962,M04,30.21,0.1
CUSR0000SA0,1962,M05,30.24,-0.1
CUSR0000SA0,1962,M06,30.21,0
CUSR0000SA0,1962,M07,30.22,0.2
CUSR0000SA0,1962,M08,30.28,0.5
CUSR0000SA0,1962,M09,30.42,-0.1
CUSR0000SA0,1962,M10,30.38,0
CUSR0000SA0,1962,M11,30.38,0
CUSR0000SA0,1962,M12,30.38,0.2
CUSR0000SA0,1963,M01,30.44,0.1
CUSR0000SA0,1963,M02,30.48,0.1
CUSR0000SA0,1963,M03,30.51,-0.1
CUSR0000SA0,1963,M04,30.48,0.1
CUSR0000SA0,1963,M05,30.51,0.3
CUSR0000SA0,1963,M06,30.61,0.3
CUSR0000SA0,1963,M07,30.69,0.2
CUSR0000SA0,1963,M08,30.75,-0.1
CUSR0000SA0,1963,M09,30.72,0.1
CUSR0000SA0,1963,M10,30.75,0.1
CUSR0000SA0,1963,M11,30.78,0.3
CUSR0000SA0,1963,M12,30.88,0.2
CUSR0000SA0,1964,M01,30.94,-0.1
CUSR0000SA0,1964,M02,30.91,0.1
CUSR0000SA0,1964,M03,30.94,0
CUSR0000SA0,1964,M04,30.95,0.1
CUSR0000SA0,1964,M05,30.98,0.1
CUSR0000SA0,1964,M06,31.01,0
CUSR0000SA0,1964,M07,31.02,0.1
CUSR0000SA0,1964,M08,31.05,0.1
CUSR0000SA0,1964,M09,31.08,0.1
CUSR0000SA0,1964,M10,31.12,0.3
CUSR0000SA0,1964,M11,31.21,0.1
CUSR0000SA0,1964,M12,31.25,0.1
CUSR0000SA0,1965,M01,31.28,0
CUSR0000SA0,1965,M02,31.28,0.1
CUSR0000SA0,1965,M03,31.31,0.2
CUSR0000SA0,1965,M04,31.38,0.3
CUSR0000SA0,1965,M05,31.48,0.4
CUSR0000SA0,1965,M06,31.61,-0.1
CUSR0000SA0,1965,M07,31.58,-0.1
CUSR0000SA0,1965,M08,31.55,0.2
CUSR0000SA0,1965,M09,31.62,0.1
CUSR0000SA0,1965,M10,31.65,0.3
CUSR0000SA0,1965,M11,31.75,0.3
CUSR0000SA0,1965,M12,31.85,0.1
CUSR0000SA0,1966,M01,31.88,0.6
CUSR0000SA0,1966,M02,32.08,0.3
CUSR0000SA0,1966,M03,32.18,0.3
CUSR0000SA0,1966,M04,32.28,0.2
CUSR0000SA0,1966,M05,32.35,0.1
CUSR0000SA0,1966,M06,32.38,0.2
CUSR0000SA0,1966,M07,32.45,0.6
CUSR0000SA0,1966,M08,32.65,0.3
CUSR0000SA0,1966,M09,32.75,0.3
CUSR0000SA0,1966,M10,32.85,0.1
CUSR0000SA0,1966,M11,32.88,0.1
CUSR0000SA0,1966,M12,32.92,-0.1
CUSR0000SA0,1967,M01,32.9,0.3
CUSR0000SA0,1967,M02,33,0
CUSR0000SA0,1967,M03,33,0.3
CUSR0000SA0,1967,M04,33.1,0
CUSR0000SA0,1967,M05,33.1,0.6
CUSR0000SA0,1967,M06,33.3,0.3
CUSR0000SA0,1967,M07,33.4,0.3
CUSR0000SA0,1967,M08,33.5,0.3
CUSR0000SA0,1967,M09,33.6,0.3
CUSR0000SA0,1967,M10,33.7,0.6
CUSR0000SA0,1967,M11,33.9,0.3
CUSR0000SA0,1967,M12,34,0.3
CUSR0000SA0,1968,M01,34.1,0.3
CUSR0000SA0,1968,M02,34.2,0.3
CUSR0000SA0,1968,M03,34.3,0.3
CUSR0000SA0,1968,M04,34.4,0.3
CUSR0000SA0,1968,M05,34.5,0.6
CUSR0000SA0,1968,M06,34.7,0.6
CUSR0000SA0,1968,M07,34.9,0.3
CUSR0000SA0,1968,M08,35,0.3
CUSR0000SA0,1968,M09,35.1,0.6
CUSR0000SA0,1968,M10,35.3,0.3
CUSR0000SA0,1968,M11,35.4,0.6
CUSR0000SA0,1968,M12,35.6,0.3
CUSR0000SA0,1969,M01,35.7,0.3
CUSR0000SA0,1969,M02,35.8,0.8
CUSR0000SA0,1969,M03,36.1,0.6
CUSR0000SA0,1969,M04,36.3,0.3
CUSR0000SA0,1969,M05,36.4,0.5
CUSR0000SA0,1969,M06,36.6,0.5
CUSR0000SA0,1969,M07,36.8,0.3
CUSR0000SA0,1969,M08,36.9,0.5
CUSR0000SA0,1969,M09,37.1,0.5
CUSR0000SA0,1969,M10,37.3,0.5
CUSR0000SA0,1969,M11,37.5,0.5
CUSR0000SA0,1969,M12,37.7,0.5
CUSR0000SA0,1970,M01,37.9,0.5
CUSR0000SA0,1970,M02,38.1,0.5
CUSR0000SA0,1970,M03,38.3,0.5
CUSR0000SA0,1970,M04,38.5,0.3
CUSR0000SA0,1970,M05,38.6,0.5
CUSR0000SA0,1970,M06,38.8,0.3
CUSR0000SA0,1970,M07,38.9,0.3
CUSR0000SA0,1970,M08,39,0.5
CUSR0000SA0,1970,M09,39.2,0.5
CUSR0000SA0,1970,M10,39.4,0.5
CUSR0000SA0,1970,M11,39.6,0.5
CUSR0000SA0,1970,M12,39.8,0.3
CUSR0000SA0,1971,M01,39.9,0
CUSR0000SA0,1971,M02,39.9,0.3
CUSR0000SA0,1971,M03,40,0.3
CUSR0000SA0,1971,M04,40.1,0.5
CUSR0000SA0,1971,M05,40.3,0.5
CUSR0000SA0,1971,M06,40.5,0.2
CUSR0000SA0,1971,M07,40.6,0.2
CUSR0000SA0,1971,M08,40.7,0.2
CUSR0000SA0,1971,M09,40.8,0.2
CUSR0000SA0,1971,M10,40.9,0.2
CUSR0000SA0,1971,M11,41,0.2
CUSR0000SA0,1971,M12,41.1,0.2
CUSR0000SA0,1972,M01,41.2,0.5
CUSR0000SA0,1972,M02,41.4,0
CUSR0000SA0,1972,M03,41.4,0.2
CUSR0000SA0,1972,M04,41.5,0.2
CUSR0000SA0,1972,M05,41.6,0.2
CUSR0000SA0,1972,M06,41.7,0.2
CUSR0000SA0,1972,M07,41.8,0.2
CUSR0000SA0,1972,M08,41.9,0.5
CUSR0000SA0,1972,M09,42.1,0.2
CUSR0000SA0,1972,M10,42.2,0.5
CUSR0000SA0,1972,M11,42.4,0.2
CUSR0000SA0,1972,M12,42.5,0.5
CUSR0000SA0,1973,M01,42.7,0.7
CUSR0000SA0,1973,M02,43,0.9
CUSR0000SA0,1973,M03,43.4,0.7
CUSR0000SA0,1973,M04,43.7,0.5
CUSR0000SA0,1973,M05,43.9,0.7
CUSR0000SA0,1973,M06,44.2,0
CUSR0000SA0,1973,M07,44.2,1.8
CUSR0000SA0,1973,M08,45,0.4
CUSR0000SA0,1973,M09,45.2,0.9
CUSR0000SA0,1973,M10,45.6,0.7
CUSR0000SA0,1973,M11,45.9,0.9
CUSR0000SA0,1973,M12,46.3,1.1
CUSR0000SA0,1974,M01,46.8,1.1
CUSR0000SA0,1974,M02,47.3,1.1
CUSR0000SA0,1974,M03,47.8,0.6
CUSR0000SA0,1974,M04,48.1,1
CUSR0000SA0,1974,M05,48.6,0.8
CUSR0000SA0,1974,M06,49,0.6
CUSR0000SA0,1974,M07,49.3,1.2
CUSR0000SA0,1974,M08,49.9,1.4
CUSR0000SA0,1974,M09,50.6,0.8
CUSR0000SA0,1974,M10,51,1
CUSR0000SA0,1974,M11,51.5,0.8
CUSR0000SA0,1974,M12,51.9,0.8
CUSR0000SA0,1975,M01,52.3,0.6
CUSR0000SA0,1975,M02,52.6,0.4
CUSR0000SA0,1975,M03,52.8,0.4
CUSR0000SA0,1975,M04,53,0.2
CUSR0000SA0,1975,M05,53.1,0.8
CUSR0000SA0,1975,M06,53.5,0.9
CUSR0000SA0,1975,M07,54,0.4
CUSR0000SA0,1975,M08,54.2,0.7
CUSR0000SA0,1975,M09,54.6,0.5
CUSR0000SA0,1975,M10,54.9,0.7
CUSR0000SA0,1975,M11,55.3,0.5
CUSR0000SA0,1975,M12,55.6,0.4
CUSR0000SA0,1976,M01,55.8,0.2
CUSR0000SA0,1976,M02,55.9,0.2
CUSR0000SA0,1976,M03,56,0.2
CUSR0000SA0,1976,M04,56.1,0.5
CUSR0000SA0,1976,M05,56.4,0.5
CUSR0000SA0,1976,M06,56.7,0.5
CUSR0000SA0,1976,M07,57,0.5
CUSR0000SA0,1976,M08,57.3,0.5
CUSR0000SA0,1976,M09,57.6,0.5
CUSR0000SA0,1976,M10,57.9,0.3
CUSR0000SA0,1976,M11,58.1,0.5
CUSR0000SA0,1976,M12,58.4,0.5
CUSR0000SA0,1977,M01,58.7,1
CUSR0000SA0,1977,M02,59.3,0.5
CUSR0000SA0,1977,M03,59.6,0.7
CUSR0000SA0,1977,M04,60,0.3
CUSR0000SA0,1977,M05,60.2,0.5
CUSR0000SA0,1977,M06,60.5,0.5
CUSR0000SA0,1977,M07,60.8,0.5
CUSR0000SA0,1977,M08,61.1,0.3
CUSR0000SA0,1977,M09,61.3,0.5
CUSR0000SA0,1977,M10,61.6,0.6
CUSR0000SA0,1977,M11,62,0.5
CUSR0000SA0,1977,M12,62.3,0.6
CUSR0000SA0,1978,M01,62.7,0.5
CUSR0000SA0,1978,M02,63,0.6
CUSR0000SA0,1978,M03,63.4,0.8
CUSR0000SA0,1978,M04,63.9,0.9
CUSR0000SA0,1978,M05,64.5,0.8
CUSR0000SA0,1978,M06,65,0.8
CUSR0000SA0,1978,M07,65.5,0.6
CUSR0000SA0,1978,M08,65.9,0.9
CUSR0000SA0,1978,M09,66.5,0.9
CUSR0000SA0,1978,M10,67.1,0.6
CUSR0000SA0,1978,M11,67.5,0.6
CUSR0000SA0,1978,M12,67.9,0.9
CUSR0000SA0,1979,M01,68.5,1
CUSR0000SA0,1979,M02,69.2,1
CUSR0000SA0,1979,M03,69.9,1
CUSR0000SA0,1979,M04,70.6,1.1
CUSR0000SA0,1979,M05,71.4,1.1
CUSR0000SA0,1979,M06,72.2,1.1
CUSR0000SA0,1979,M07,73,1
CUSR0000SA0,1979,M08,73.7,0.9
CUSR0000SA0,1979,M09,74.4,1.1
CUSR0000SA0,1979,M10,75.2,1.1
CUSR0000SA0,1979,M11,76,1.2
CUSR0000SA0,1979,M12,76.9,1.4
CUSR0000SA0,1980,M01,78,1.3
CUSR0000SA0,1980,M02,79,1.4
CUSR0000SA0,1980,M03,80.1,1
CUSR0000SA0,1980,M04,80.9,1
CUSR0000SA0,1980,M05,81.7,1
CUSR0000SA0,1980,M06,82.5,0.1
CUSR0000SA0,1980,M07,82.6,0.7
CUSR0000SA0,1980,M08,83.2,0.8
CUSR0000SA0,1980,M09,83.9,1
CUSR0000SA0,1980,M10,84.7,1.1
CUSR0000SA0,1980,M11,85.6,0.9
CUSR0000SA0,1980,M12,86.4,0.9
CUSR0000SA0,1981,M01,87.2,0.9
CUSR0000SA0,1981,M02,88,0.7
CUSR0000SA0,1981,M03,88.6,0.6
CUSR0000SA0,1981,M04,89.1,0.7
CUSR0000SA0,1981,M05,89.7,0.9
CUSR0000SA0,1981,M06,90.5,1.1
CUSR0000SA0,1981,M07,91.5,0.8
CUSR0000SA0,1981,M08,92.2,1
CUSR0000SA0,1981,M09,93.1,0.3
CUSR0000SA0,1981,M10,93.4,0.4
CUSR0000SA0,1981,M11,93.8,0.3
CUSR0000SA0,1981,M12,94.1,0.3
CUSR0000SA0,1982,M01,94.4,0.3
CUSR0000SA0,1982,M02,94.7,0
CUSR0000SA0,1982,M03,94.7,0.3
CUSR0000SA0,1982,M04,95,0.9
CUSR0000SA0,1982,M05,95.9,1.1
CUSR0000SA0,1982,M06,97,0.5
CUSR0000SA0,1982,M07,97.5,0.2
CUSR0000SA0,1982,M08,97.7,0
CUSR0000SA0,1982,M09,97.7,0.4
CUSR0000SA0,1982,M10,98.1,-0.1
CUSR0000SA0,1982,M11,98,-0.3
CUSR0000SA0,1982,M12,97.7,0.2
CUSR0000SA0,1983,M01,97.9,0.1
CUSR0000SA0,1983,M02,98,0.1
CUSR0000SA0,1983,M03,98.1,0.7
CUSR0000SA0,1983,M04,98.8,0.4
CUSR0000SA0,1983,M05,99.2,0.2
CUSR0000SA0,1983,M06,99.4,0.4
CUSR0000SA0,1983,M07,99.8,0.3
CUSR0000SA0,1983,M08,100.1,0.3
CUSR0000SA0,1983,M09,100.4,0.4
CUSR0000SA0,1983,M10,100.8,0.3
CUSR0000SA0,1983,M11,101.1,0.3
CUSR0000SA0,1983,M12,101.4,0.7
CUSR0000SA0,1984,M01,102.1,0.5
CUSR0000SA0,1984,M02,102.6,0.3
CUSR0000SA0,1984,M03,102.9,0.4
CUSR0000SA0,1984,M04,103.3,0.2
CUSR0000SA0,1984,M05,103.5,0.2
CUSR0000SA0,1984,M06,103.7,0.4
CUSR0000SA0,1984,M07,104.1,0.3
CUSR0000SA0,1984,M08,104.4,0.3
CUSR0000SA0,1984,M09,104.7,0.4
CUSR0000SA0,1984,M10,105.1,0.2
CUSR0000SA0,1984,M11,105.3,0.2
CUSR0000SA0,1984,M12,105.5,0.2
CUSR0000SA0,1985,M01,105.7,0.6
CUSR0000SA0,1985,M02,106.3,0.5
CUSR0000SA0,1985,M03,106.8,0.2
CUSR0000SA0,1985,M04,107,0.2
CUSR0000SA0,1985,M05,107.2,0.3
CUSR0000SA0,1985,M06,107.5,0.2
CUSR0000SA0,1985,M07,107.7,0.2
CUSR0000SA0,1985,M08,107.9,0.2
CUSR0000SA0,1985,M09,108.1,0.4
CUSR0000SA0,1985,M10,108.5,0.5
CUSR0000SA0,1985,M11,109,0.5
CUSR0000SA0,1985,M12,109.5,0.4
CUSR0000SA0,1986,M01,109.9,-0.2
CUSR0000SA0,1986,M02,109.7,-0.5
CUSR0000SA0,1986,M03,109.1,-0.4
CUSR0000SA0,1986,M04,108.7,0.3
CUSR0000SA0,1986,M05,109,0.4
CUSR0000SA0,1986,M06,109.4,0.1
CUSR0000SA0,1986,M07,109.5,0.1
CUSR0000SA0,1986,M08,109.6,0.4
CUSR0000SA0,1986,M09,110,0.2
CUSR0000SA0,1986,M10,110.2,0.2
CUSR0000SA0,1986,M11,110.4,0.4
CUSR0000SA0,1986,M12,110.8,0.5
CUSR0000SA0,1987,M01,111.4,0.4
CUSR0000SA0,1987,M02,111.8,0.4
CUSR0000SA0,1987,M03,112.2,0.4
CUSR0000SA0,1987,M04,112.7,0.3
CUSR0000SA0,1987,M05,113,0.4
CUSR0000SA0,1987,M06,113.5,0.3
CUSR0000SA0,1987,M07,113.8,0.4
CUSR0000SA0,1987,M08,114.3,0.3
CUSR0000SA0,1987,M09,114.7,0.3
CUSR0000SA0,1987,M10,115,0.3
CUSR0000SA0,1987,M11,115.4,0.2
CUSR0000SA0,1987,M12,115.6,0.3
CUSR0000SA0,1988,M01,116,0.2
CUSR0000SA0,1988,M02,116.2,0.3
CUSR0000SA0,1988,M03,116.5,0.6
CUSR0000SA0,1988,M04,117.2,0.3
CUSR0000SA0,1988,M05,117.5,0.4
CUSR0000SA0,1988,M06,118,0.4
CUSR0000SA0,1988,M07,118.5,0.4
CUSR0000SA0,1988,M08,119,0.4
CUSR0000SA0,1988,M09,119.5,0.3
CUSR0000SA0,1988,M10,119.9,0.3
CUSR0000SA0,1988,M11,120.3,0.3
CUSR0000SA0,1988,M12,120.7,0.4
CUSR0000SA0,1989,M01,121.2,0.3
CUSR0000SA0,1989,M02,121.6,0.5
CUSR0000SA0,1989,M03,122.2,0.7
CUSR0000SA0,1989,M04,123.1,0.5
CUSR0000SA0,1989,M05,123.7,0.3
CUSR0000SA0,1989,M06,124.1,0.3
CUSR0000SA0,1989,M07,124.5,0
CUSR0000SA0,1989,M08,124.5,0.2
CUSR0000SA0,1989,M09,124.8,0.5
CUSR0000SA0,1989,M10,125.4,0.4
CUSR0000SA0,1989,M11,125.9,0.3
CUSR0000SA0,1989,M12,126.3,1
CUSR0000SA0,1990,M01,127.5,0.4
CUSR0000SA0,1990,M02,128,0.5
CUSR0000SA0,1990,M03,128.6,0.2
CUSR0000SA0,1990,M04,128.9,0.2
CUSR0000SA0,1990,M05,129.1,0.6
CUSR0000SA0,1990,M06,129.9,0.5
CUSR0000SA0,1990,M07,130.5,0.8
CUSR0000SA0,1990,M08,131.6,0.7
CUSR0000SA0,1990,M09,132.5,0.7
CUSR0000SA0,1990,M10,133.4,0.2
CUSR0000SA0,1990,M11,133.7,0.4
CUSR0000SA0,1990,M12,134.2,0.4
CUSR0000SA0,1991,M01,134.7,0.1
CUSR0000SA0,1991,M02,134.8,0
CUSR0000SA0,1991,M03,134.8,0.2
CUSR0000SA0,1991,M04,135.1,0.4
CUSR0000SA0,1991,M05,135.6,0.3
CUSR0000SA0,1991,M06,136,0.1
CUSR0000SA0,1991,M07,136.2,0.3
CUSR0000SA0,1991,M08,136.6,0.3
CUSR0000SA0,1991,M09,137,0.1
CUSR0000SA0,1991,M10,137.2,0.4
CUSR0000SA0,1991,M11,137.8,0.3
CUSR0000SA0,1991,M12,138.2,0.1
CUSR0000SA0,1992,M01,138.3,0.2
CUSR0000SA0,1992,M02,138.6,0.4
CUSR0000SA0,1992,M03,139.1,0.2
CUSR0000SA0,1992,M04,139.4,0.2
CUSR0000SA0,1992,M05,139.7,0.3
CUSR0000SA0,1992,M06,140.1,0.3
CUSR0000SA0,1992,M07,140.5,0.2
CUSR0000SA0,1992,M08,140.8,0.2
CUSR0000SA0,1992,M09,141.1,0.4
CUSR0000SA0,1992,M10,141.7,0.3
CUSR0000SA0,1992,M11,142.1,0.1
CUSR0000SA0,1992,M12,142.3,0.4
CUSR0000SA0,1993,M01,142.8,0.2
CUSR0000SA0,1993,M02,143.1,0.1
CUSR0000SA0,1993,M03,143.3,0.3
CUSR0000SA0,1993,M04,143.8,0.3
CUSR0000SA0,1993,M05,144.2,0.1
CUSR0000SA0,1993,M06,144.3,0.1
CUSR0000SA0,1993,M07,144.5,0.2
CUSR0000SA0,1993,M08,144.8,0.1
CUSR0000SA0,1993,M09,145,0.4
CUSR0000SA0,1993,M10,145.6,0.3
CUSR0000SA0,1993,M11,146,0.2
CUSR0000SA0,1993,M12,146.3,0
CUSR0000SA0,1994,M01,146.3,0.3
CUSR0000SA0,1994,M02,146.7,0.3
CUSR0000SA0,1994,M03,147.1,0.1
CUSR0000SA0,1994,M04,147.2,0.2
CUSR0000SA0,1994,M05,147.5,0.3
CUSR0000SA0,1994,M06,147.9,0.3
CUSR0000SA0,1994,M07,148.4,0.4
CUSR0000SA0,1994,M08,149,0.2
CUSR0000SA0,1994,M09,149.3,0.1
CUSR0000SA0,1994,M10,149.4,0.3
CUSR0000SA0,1994,M11,149.8,0.2
CUSR0000SA0,1994,M12,150.1,0.3
CUSR0000SA0,1995,M01,150.5,0.3
CUSR0000SA0,1995,M02,150.9,0.2
CUSR0000SA0,1995,M03,151.2,0.4
CUSR0000SA0,1995,M04,151.8,0.2
CUSR0000SA0,1995,M05,152.1,0.2
CUSR0000SA0,1995,M06,152.4,0.1
CUSR0000SA0,1995,M07,152.6,0.2
CUSR0000SA0,1995,M08,152.9,0.1
CUSR0000SA0,1995,M09,153.1,0.3
CUSR0000SA0,1995,M10,153.5,0.1
CUSR0000SA0,1995,M11,153.7,0.1
CUSR0000SA0,1995,M12,153.9,0.5
CUSR0000SA0,1996,M01,154.7,0.2
CUSR0000SA0,1996,M02,155,0.3
CUSR0000SA0,1996,M03,155.5,0.4
CUSR0000SA0,1996,M04,156.1,0.2
CUSR0000SA0,1996,M05,156.4,0.2
CUSR0000SA0,1996,M06,156.7,0.2
CUSR0000SA0,1996,M07,157,0.1
CUSR0000SA0,1996,M08,157.2,0.3
CUSR0000SA0,1996,M09,157.7,0.3
CUSR0000SA0,1996,M10,158.2,0.3
CUSR0000SA0,1996,M11,158.7,0.3
CUSR0000SA0,1996,M12,159.1,0.2
CUSR0000SA0,1997,M01,159.4,0.2
CUSR0000SA0,1997,M02,159.7,0.1
CUSR0000SA0,1997,M03,159.8,0.1
CUSR0000SA0,1997,M04,159.9,0
CUSR0000SA0,1997,M05,159.9,0.2
CUSR0000SA0,1997,M06,160.2,0.1
CUSR0000SA0,1997,M07,160.4,0.2
CUSR0000SA0,1997,M08,160.8,0.2
CUSR0000SA0,1997,M09,161.2,0.2
CUSR0000SA0,1997,M10,161.5,0.1
CUSR0000SA0,1997,M11,161.7,0.1
CUSR0000SA0,1997,M12,161.8,0.1
CUSR0000SA0,1998,M01,162,0
CUSR0000SA0,1998,M02,162,0
CUSR0000SA0,1998,M03,162,0.1
CUSR0000SA0,1998,M04,162.2,0.2
CUSR0000SA0,1998,M05,162.6,0.1
CUSR0000SA0,1998,M06,162.8,0.2
CUSR0000SA0,1998,M07,163.2,0.1
CUSR0000SA0,1998,M08,163.4,0.1
CUSR0000SA0,1998,M09,163.5,0.2
CUSR0000SA0,1998,M10,163.9,0.1
CUSR0000SA0,1998,M11,164.1,0.2
CUSR0000SA0,1998,M12,164.4,0.2
CUSR0000SA0,1999,M01,164.7,0
CUSR0000SA0,1999,M02,164.7,0.1
CUSR0000SA0,1999,M03,164.8,0.7
CUSR0000SA0,1999,M04,165.9,0.1
CUSR0000SA0,1999,M05,166,0
CUSR0000SA0,1999,M06,166,0.4
CUSR0000SA0,1999,M07,166.7,0.2
CUSR0000SA0,1999,M08,167.1,0.4
CUSR0000SA0,1999,M09,167.8,0.2
CUSR0000SA0,1999,M10,168.1,0.2
CUSR0000SA0,1999,M11,168.4,0.2
CUSR0000SA0,1999,M12,168.8,0.3
CUSR0000SA0,2000,M01,169.3,0.4
CUSR0000SA0,2000,M02,170,0.6
CUSR0000SA0,2000,M03,171,-0.1
CUSR0000SA0,2000,M04,170.9,0.2
CUSR0000SA0,2000,M05,171.2,0.6
CUSR0000SA0,2000,M06,172.2,0.3
CUSR0000SA0,2000,M07,172.7,0
CUSR0000SA0,2000,M08,172.7,0.5
CUSR0000SA0,2000,M09,173.6,0.2
CUSR0000SA0,2000,M10,173.9,0.2
CUSR0000SA0,2000,M11,174.2,0.2
CUSR0000SA0,2000,M12,174.6,0.6
CUSR0000SA0,2001,M01,175.6,0.2
CUSR0000SA0,2001,M02,176,0.1
CUSR0000SA0,2001,M03,176.1,0.2
CUSR0000SA0,2001,M04,176.4,0.5
CUSR0000SA0,2001,M05,177.3,0.2
CUSR0000SA0,2001,M06,177.7,-0.2
CUSR0000SA0,2001,M07,177.4,0
CUSR0000SA0,2001,M08,177.4,0.4
CUSR0000SA0,2001,M09,178.1,-0.3
CUSR0000SA0,2001,M10,177.6,-0.1
CUSR0000SA0,2001,M11,177.5,-0.1
CUSR0000SA0,2001,M12,177.4,0.2
CUSR0000SA0,2002,M01,177.7,0.2
CUSR0000SA0,2002,M02,178,0.3
CUSR0000SA0,2002,M03,178.5,0.4
CUSR0000SA0,2002,M04,179.3,0.1
CUSR0000SA0,2002,M05,179.5,0.1
CUSR0000SA0,2002,M06,179.6,0.2
CUSR0000SA0,2002,M07,180,0.3
CUSR0000SA0,2002,M08,180.5,0.2
CUSR0000SA0,2002,M09,180.8,0.2
CUSR0000SA0,2002,M10,181.2,0.2
CUSR0000SA0,2002,M11,181.5,0.2
CUSR0000SA0,2002,M12,181.8,0.4
CUSR0000SA0,2003,M01,182.6,0.5
CUSR0000SA0,2003,M02,183.6,0.2
CUSR0000SA0,2003,M03,183.9,-0.4
CUSR0000SA0,2003,M04,183.2,-0.2
CUSR0000SA0,2003,M05,182.9,0.1
CUSR0000SA0,2003,M06,183.1,0.3
CUSR0000SA0,2003,M07,183.7,0.4
CUSR0000SA0,2003,M08,184.5,0.3
CUSR0000SA0,2003,M09,185.1,-0.1
CUSR0000SA0,2003,M10,184.9,0.1
CUSR0000SA0,2003,M11,185,0.3
CUSR0000SA0,2003,M12,185.5,0.4
CUSR0000SA0,2004,M01,186.3,0.2
CUSR0000SA0,2004,M02,186.7,0.2
CUSR0000SA0,2004,M03,187.1,0.2
CUSR0000SA0,2004,M04,187.4,0.4
CUSR0000SA0,2004,M05,188.2,0.4
CUSR0000SA0,2004,M06,188.9,0.1
CUSR0000SA0,2004,M07,189.1,0.1
CUSR0000SA0,2004,M08,189.2,0.3
CUSR0000SA0,2004,M09,189.8,0.5
CUSR0000SA0,2004,M10,190.8,0.5
CUSR0000SA0,2004,M11,191.7,0
CUSR0000SA0,2004,M12,191.7,-0.1
CUSR0000SA0,2005,M01,191.6,0.4
CUSR0000SA0,2005,M02,192.4,0.4
CUSR0000SA0,2005,M03,193.1,0.3
CUSR0000SA0,2005,M04,193.7,-0.1
CUSR0000SA0,2005,M05,193.6,0.1
CUSR0000SA0,2005,M06,193.7,0.6
CUSR0000SA0,2005,M07,194.9,0.6
CUSR0000SA0,2005,M08,196.1,1.4
CUSR0000SA0,2005,M09,198.8,0.2
CUSR0000SA0,2005,M10,199.1,-0.5
CUSR0000SA0,2005,M11,198.1,0
CUSR0000SA0,2005,M12,198.1,0.6
CUSR0000SA0,2006,M01,199.3,0.1
CUSR0000SA0,2006,M02,199.4,0.2
CUSR0000SA0,2006,M03,199.7,0.5
CUSR0000SA0,2006,M04,200.7,0.3
CUSR0000SA0,2006,M05,201.3,0.2
CUSR0000SA0,2006,M06,201.8,0.5
CUSR0000SA0,2006,M07,202.9,0.4
CUSR0000SA0,2006,M08,203.8,-0.5
CUSR0000SA0,2006,M09,202.8,-0.4
CUSR0000SA0,2006,M10,201.9,0
CUSR0000SA0,2006,M11,202,0.5
CUSR0000SA0,2006,M12,203.1,0.2
CUSR0000SA0,2007,M01,203.437,0.4
CUSR0000SA0,2007,M02,204.226,0.5
CUSR0000SA0,2007,M03,205.288,0.3
CUSR0000SA0,2007,M04,205.904,0.4
CUSR0000SA0,2007,M05,206.755,0.2
CUSR0000SA0,2007,M06,207.234,0.2
CUSR0000SA0,2007,M07,207.603,0
CUSR0000SA0,2007,M08,207.667,0.4
CUSR0000SA0,2007,M09,208.547,0.3
CUSR0000SA0,2007,M10,209.19,0.8
CUSR0000SA0,2007,M11,210.834,0.3
CUSR0000SA0,2007,M12,211.445,0.3
CUSR0000SA0,2008,M01,212.174,0.2
CUSR0000SA0,2008,M02,212.687,0.4
CUSR0000SA0,2008,M03,213.448,0.2
CUSR0000SA0,2008,M04,213.942,0.6
CUSR0000SA0,2008,M05,215.208,1
CUSR0000SA0,2008,M06,217.463,0.7
CUSR0000SA0,2008,M07,219.016,-0.1
CUSR0000SA0,2008,M08,218.69,0.1
CUSR0000SA0,2008,M09,218.877,-0.9
CUSR0000SA0,2008,M10,216.995,-1.8
CUSR0000SA0,2008,M11,213.153,-0.8
CUSR0000SA0,2008,M12,211.398,0.3
CUSR0000SA0,2009,M01,211.933,0.4
CUSR0000SA0,2009,M02,212.705,-0.1
CUSR0000SA0,2009,M03,212.495,0.1
CUSR0000SA0,2009,M04,212.709,0.1
CUSR0000SA0,2009,M05,213.022,0.8
CUSR0000SA0,2009,M06,214.79,0
CUSR0000SA0,2009,M07,214.726,0.3
CUSR0000SA0,2009,M08,215.445,0.2
CUSR0000SA0,2009,M09,215.861,0.3
CUSR0000SA0,2009,M10,216.509,0.3
CUSR0000SA0,2009,M11,217.234,0.1
CUSR0000SA0,2009,M12,217.347,0.1
CUSR0000SA0,2010,M01,217.488,-0.1
CUSR0000SA0,2010,M02,217.281,0
CUSR0000SA0,2010,M03,217.353,0
CUSR0000SA0,2010,M04,217.403,-0.1
CUSR0000SA0,2010,M05,217.29,0
CUSR0000SA0,2010,M06,217.199,0.2
CUSR0000SA0,2010,M07,217.605,0.1
CUSR0000SA0,2010,M08,217.923,0.2
CUSR0000SA0,2010,M09,218.275,0.3
CUSR0000SA0,2010,M10,219.035,0.3
CUSR0000SA0,2010,M11,219.59,0.4
CUSR0000SA0,2010,M12,220.472,0.3
CUSR0000SA0,2011,M01,221.187,0.3
CUSR0000SA0,2011,M02,221.898,0.5
CUSR0000SA0,2011,M03,223.046,0.5
CUSR0000SA0,2011,M04,224.093,0.3
CUSR0000SA0,2011,M05,224.806,0
CUSR0000SA0,2011,M06,224.806,0.3
CUSR0000SA0,2011,M07,225.395,0.3
CUSR0000SA0,2011,M08,226.106,0.2
CUSR0000SA0,2011,M09,226.597,0.1
CUSR0000SA0,2011,M10,226.75,0.2
CUSR0000SA0,2011,M11,227.169,0
CUSR0000SA0,2011,M12,227.223,0.3
CUSR0000SA0,2012,M01,227.842,0.2
CUSR0000SA0,2012,M02,228.329,0.2
CUSR0000SA0,2012,M03,228.807,0.2
CUSR0000SA0,2012,M04,229.187,-0.2
CUSR0000SA0,2012,M05,228.713,-0.1
CUSR0000SA0,2012,M06,228.524,0
CUSR0000SA0,2012,M07,228.59,0.6
CUSR0000SA0,2012,M08,229.918,0.5
CUSR0000SA0,2012,M09,231.015,0.3
CUSR0000SA0,2012,M10,231.638,-0.2
CUSR0000SA0,2012,M11,231.249,0
CUSR0000SA0,2012,M12,231.221,0.2
CUSR0000SA0,2013,M01,231.679,0.5
CUSR0000SA0,2013,M02,232.937,-0.3
CUSR0000SA0,2013,M03,232.282,-0.2
CUSR0000SA0,2013,M04,231.797,0
CUSR0000SA0,2013,M05,231.893,0.2
CUSR0000SA0,2013,M06,232.445,0.2
CUSR0000SA0,2013,M07,232.9,0.2
CUSR0000SA0,2013,M08,233.456,0
CUSR0000SA0,2013,M09,233.544,0.1
CUSR0000SA0,2013,M10,233.669,0.2
CUSR0000SA0,2013,M11,234.1,0.3
CUSR0000SA0,2013,M12,234.719,0.2
CUSR0000SA0,2014,M01,235.288,0.1
CUSR0000SA0,2014,M02,235.547,0.2
CUSR0000SA0,2014,M03,236.028,0.2
CUSR0000SA0,2014,M04,236.468,0.2
CUSR0000SA0,2014,M05,236.918,0.1
CUSR0000SA0,2014,M06,237.231,0.1
CUSR0000SA0,2014,M07,237.498,0
CUSR0000SA0,2014,M08,237.46,0
CUSR0000SA0,2014,M09,237.477,0
CUSR0000SA0,2014,M10,237.43,-0.2
CUSR0000SA0,2014,M11,236.983,-0.3
CUSR0000SA0,2014,M12,236.252,-0.6
CUSR0000SA0,2015,M01,234.747,0.3
CUSR0000SA0,2015,M02,235.342,0.3
CUSR0000SA0,2015,M03,235.976,0.1
CUSR0000SA0,2015,M04,236.222,0.3
CUSR0000SA0,2015,M05,237.001,0.3
CUSR0000SA0,2015,M06,237.657,0.2
CUSR0000SA0,2015,M07,238.034,0
CUSR0000SA0,2015,M08,238.033,-0.2
CUSR0000SA0,2015,M09,237.498,0.1
CUSR0000SA0,2015,M10,237.733,0.1
CUSR0000SA0,2015,M11,238.017,-0.1
CUSR0000SA0,2015,M12,237.761,0
CUSR0000SA0,2016,M01,237.652,-0.1
CUSR0000SA0,2016,M02,237.336,0.3
CUSR0000SA0,2016,M03,238.08,0.4
CUSR0000SA0,2016,M04,238.992,0.2
CUSR0000SA0,2016,M05,239.557,0.3
CUSR0000SA0,2016,M06,240.222,-0.1
CUSR0000SA0,2016,M07,240.101,0.2
CUSR0000SA0,2016,M08,240.545,0.3
CUSR0000SA0,2016,M09,241.176,0.2
CUSR0000SA0,2016,M10,241.741,0.1
CUSR0000SA0,2016,M11,242.026,0.3
CUSR0000SA0,2016,M12,242.637,0.4
CUSR0000SA0,2017,M01,243.618,0.2
CUSR0000SA0,2017,M02,244.006,0
CUSR0000SA0,2017,M03,243.892,0.1
CUSR0000SA0,2017,M04,244.193,-0.1
CUSR0000SA0,2017,M05,244.004,0.1
CUSR0000SA0,2017,M06,244.163,0
CUSR0000SA0,2017,M07,244.243,0.4
CUSR0000SA0,2017,M08,245.183,0.5
CUSR0000SA0,2017,M09,246.435,0.1
CUSR0000SA0,2017,M10,246.626,0.3
CUSR0000SA0,2017,M11,247.284,0.2
CUSR0000SA0,2017,M12,247.805,0.4
CUSR0000SA0,2018,M01,248.743,0.3
CUSR0000SA0,2018,M02,249.439,0.1
CUSR0000SA0,2018,M03,249.581,0.2
CUSR0000SA0,2018,M04,250.146,0.3
CUSR0000SA0,2018,M05,250.779,0.1
CUSR0000SA0,2018,M06,251.118,0.1
CUSR0000SA0,2018,M07,251.323,0.2
CUSR0000SA0,2018,M08,251.749,0.2
CUSR0000SA0,2018,M09,252.239,0.2
CUSR0000SA0,2018,M10,252.862,-0.1
CUSR0000SA0,2018,M11,252.657,0
CUSR0000SA0,2018,M12,252.551,0
CUSR0000SA0,2019,M01,252.47,0.3
CUSR0000SA0,2019,M02,253.135,0.4
CUSR0000SA0,2019,M03,254.273,0.4
CUSR0000SA0,2019,M04,255.163,0.1
CUSR0000SA0,2019,M05,255.325,0
CUSR0000SA0,2019,M06,255.361,0.2
CUSR0000SA0,2019,M07,255.9,0.1
CUSR0000SA0,2019,M08,256.179,0.2
CUSR0000SA0,2019,M09,256.596,0.3
CUSR0000SA0,2019,M10,257.305,0.2
CUSR0000SA0,2019,M11,257.788,0.2
CUSR0000SA0,2019,M12,258.263,0.2
CUSR0000SA0,2020,M01,258.682,0.1
CUSR0000SA0,2020,M02,259.007,-0.3
CUSR0000SA0,2020,M03,258.165,-0.8
CUSR0000SA0,2020,M04,256.094,-0.1
CUSR0000SA0,2020,M05,255.944,0.5
CUSR0000SA0,2020,M06,257.217,0.5
CUSR0000SA0,2020,M07,258.543,0.4
CUSR0000SA0,2020,M08,259.58,0.2
CUSR0000SA0,2020,M09,260.19,0.1
CUSR0000SA0,2020,M10,260.352,0.1
CUSR0000SA0,2020,M11,260.721,0.3
CUSR0000SA0,2020,M12,261.564,0.2
CUSR0000SA0,2021,M01,262.2,0.4
CUSR0000SA0,2021,M02,263.346,0.6
CUSR0000SA0,2021,M03,265.028,0.6
CUSR0000SA0,2021,M04,266.727,0.7
CUSR0000SA0,2021,M05,268.599,0.9
CUSR0000SA0,2021,M06,270.955,0.5
CUSR0000SA0,2021,M07,272.184,0.3
CUSR0000SA0,2021,M08,273.092,0.4
CUSR0000SA0,2021,M09,274.214,0.9
CUSR0000SA0,2021,M10,276.59,0.7
CUSR0000SA0,2021,M11,278.524,0.6
CUSR0000SA0,2021,M12,280.126,0.6
CUSR0000SA0,2022,M01,281.933,0.8
CUSR0000SA0,2022,M02,284.182,1.2
CUSR0000SA0,2022,M03,287.708,0.3
CUSR0000SA0,2022,M04,288.663,1
CUSR0000SA0,2022,M05,291.474,1.3
CUSR0000SA0,2022,M06,295.328,0
CUSR0000SA0,2022,M07,295.271,
